,input_file,parasite,detected
0,/Users/mahdi/Documents/mahdi/parasite_detection/Sep14/training_images_best/Ascaris/Ascaris_egg67_1.jpg,Ascaris,Ascaris
0,/Users/mahdi/Documents/mahdi/parasite_detection/Sep14/training_images_best/Ascaris/Ascaris_egg23.jpg,Ascaris,Ascaris
0,/Users/mahdi/Documents/mahdi/parasite_detection/Sep14/training_images_best/Ascaris/Ascaris_egg103_1.jpg,Ascaris,Ascaris
0,/Users/mahdi/Documents/mahdi/parasite_detection/Sep14/training_images_best/Ascaris/Ascaris_egg4_1.jpg,Ascaris,Ascaris
0,/Users/mahdi/Documents/mahdi/parasite_detection/Sep14/training_images_best/Ascaris/Ascaris (1).jpg,Ascaris,Ascaris
0,/Users/mahdi/Documents/mahdi/parasite_detection/Sep14/training_images_best/Ascaris/Ascaris_egg36.jpg,Ascaris,Ascaris
0,/Users/mahdi/Documents/mahdi/parasite_detection/Sep14/training_images_best/Ascaris/Ascaris_egg22.jpg,Ascaris,Ascaris
0,/Users/mahdi/Documents/mahdi/parasite_detection/Sep14/training_images_best/Ascaris/Ascaris (11).jpg,Ascaris,Ascaris
0,/Users/mahdi/Documents/mahdi/parasite_detection/Sep14/training_images_best/Ascaris/Ascaris (31).jpg,Ascaris,Ascaris
0,/Users/mahdi/Documents/mahdi/parasite_detection/Sep14/training_images_best/Ascaris/Ascaris (27).jpg,Ascaris,Ascaris
0,/Users/mahdi/Documents/mahdi/parasite_detection/Sep14/training_images_best/Ascaris/Ascaris_egg20.jpg,Ascaris,Ascaris
0,/Users/mahdi/Documents/mahdi/parasite_detection/Sep14/training_images_best/Ascaris/Ascaris_egg21.jpg,Ascaris,Ascaris
0,/Users/mahdi/Documents/mahdi/parasite_detection/Sep14/training_images_best/Ascaris/Ascaris_egg65_1.jpg,Ascaris,Ascaris
0,/Users/mahdi/Documents/mahdi/parasite_detection/Sep14/training_images_best/Ascaris/Ascaris_egg2_1.jpg,Ascaris,Ascaris
0,/Users/mahdi/Documents/mahdi/parasite_detection/Sep14/training_images_best/Ascaris/Ascaris_egg61_1.jpg,Ascaris,Ascaris
0,/Users/mahdi/Documents/mahdi/parasite_detection/Sep14/training_images_best/Ascaris/Ascaris_egg25.jpg,Ascaris,Ascaris
0,/Users/mahdi/Documents/mahdi/parasite_detection/Sep14/training_images_best/Ascaris/Ascaris_egg19.jpg,Ascaris,Ascaris
0,/Users/mahdi/Documents/mahdi/parasite_detection/Sep14/training_images_best/Ascaris/Ascaris_egg18.jpg,Ascaris,Ascaris
0,/Users/mahdi/Documents/mahdi/parasite_detection/Sep14/training_images_best/Ascaris/Ascaris (26).jpg,Ascaris,Ascaris
0,/Users/mahdi/Documents/mahdi/parasite_detection/Sep14/training_images_best/Ascaris/Ascaris (30).jpg,Ascaris,Ascaris
0,/Users/mahdi/Documents/mahdi/parasite_detection/Sep14/training_images_best/Ascaris/Ascaris (10).jpg,Ascaris,Ascaris
0,/Users/mahdi/Documents/mahdi/parasite_detection/Sep14/training_images_best/Ascaris/Ascaris_egg32.jpg,Ascaris,Ascaris
0,/Users/mahdi/Documents/mahdi/parasite_detection/Sep14/training_images_best/Ascaris/Ascaris_egg27.jpg,Ascaris,Ascaris
0,/Users/mahdi/Documents/mahdi/parasite_detection/Sep14/training_images_best/Ascaris/Ascaris_egg107_1.jpg,Ascaris,Ascaris
0,/Users/mahdi/Documents/mahdi/parasite_detection/Sep14/training_images_best/Ascaris/Ascaris_egg119.jpg,Ascaris,Ascaris
0,/Users/mahdi/Documents/mahdi/parasite_detection/Sep14/training_images_best/Ascaris/Ascaris (21).jpg,Ascaris,Ascaris
0,/Users/mahdi/Documents/mahdi/parasite_detection/Sep14/training_images_best/Ascaris/Ascaris_egg83.jpg,Ascaris,Ascaris
0,/Users/mahdi/Documents/mahdi/parasite_detection/Sep14/training_images_best/Ascaris/Ascaris_egg40.jpg,Ascaris,Ascaris
0,/Users/mahdi/Documents/mahdi/parasite_detection/Sep14/training_images_best/Ascaris/Ascaris_egg64_1.jpg,Ascaris,Ascaris
0,/Users/mahdi/Documents/mahdi/parasite_detection/Sep14/training_images_best/Ascaris/Ascaris_egg55.jpg,Ascaris,Ascaris
0,/Users/mahdi/Documents/mahdi/parasite_detection/Sep14/training_images_best/Ascaris/Ascaris_egg41.jpg,Ascaris,Ascaris
0,/Users/mahdi/Documents/mahdi/parasite_detection/Sep14/training_images_best/Ascaris/Ascaris_egg7_1.jpg,Ascaris,Ascaris
0,/Users/mahdi/Documents/mahdi/parasite_detection/Sep14/training_images_best/Ascaris/Ascaris_egg118.jpg,Ascaris,Ascaris
0,/Users/mahdi/Documents/mahdi/parasite_detection/Sep14/training_images_best/Ascaris/Ascaris_egg5_1.jpg,Ascaris,Ascaris
0,/Users/mahdi/Documents/mahdi/parasite_detection/Sep14/training_images_best/Ascaris/Ascaris_egg102_1.jpg,Ascaris,Ascaris
0,/Users/mahdi/Documents/mahdi/parasite_detection/Sep14/training_images_best/Ascaris/Ascaris_egg66_1.jpg,Ascaris,Ascaris
0,/Users/mahdi/Documents/mahdi/parasite_detection/Sep14/training_images_best/Ascaris/Ascaris (7).jpg,Ascaris,Ascaris
0,/Users/mahdi/Documents/mahdi/parasite_detection/Sep14/training_images_best/Ascaris/Ascaris_egg82_1.jpg,Ascaris,Ascaris
0,/Users/mahdi/Documents/mahdi/parasite_detection/Sep14/training_images_best/Ascaris/Ascaris (17).jpg,Ascaris,Ascaris
0,/Users/mahdi/Documents/mahdi/parasite_detection/Sep14/training_images_best/Ascaris/Ascaris (16).jpg,Ascaris,Ascaris
0,/Users/mahdi/Documents/mahdi/parasite_detection/Sep14/training_images_best/Ascaris/Ascaris (6).jpg,Ascaris,Ascaris
0,/Users/mahdi/Documents/mahdi/parasite_detection/Sep14/training_images_best/Ascaris/Ascaris_egg106_1.jpg,Ascaris,Ascaris
0,/Users/mahdi/Documents/mahdi/parasite_detection/Sep14/training_images_best/Ascaris/Ascaris_egg53.jpg,Ascaris,Ascaris
0,/Users/mahdi/Documents/mahdi/parasite_detection/Sep14/training_images_best/Ascaris/Ascaris_egg120.jpg,Ascaris,Ascaris
0,/Users/mahdi/Documents/mahdi/parasite_detection/Sep14/training_images_best/Ascaris/Ascaris_egg92.jpg,Ascaris,Ascaris
0,/Users/mahdi/Documents/mahdi/parasite_detection/Sep14/training_images_best/Ascaris/Ascaris_egg84_1.jpg,Ascaris,Ascaris
0,/Users/mahdi/Documents/mahdi/parasite_detection/Sep14/training_images_best/Ascaris/Ascaris_egg78.jpg,Ascaris,Ascaris
0,/Users/mahdi/Documents/mahdi/parasite_detection/Sep14/training_images_best/Ascaris/Ascaris_egg93.jpg,Ascaris,Ascaris
0,/Users/mahdi/Documents/mahdi/parasite_detection/Sep14/training_images_best/Ascaris/Ascaris (19).jpg,Ascaris,Ascaris
0,/Users/mahdi/Documents/mahdi/parasite_detection/Sep14/training_images_best/Ascaris/Ascaris lumbricoides.jpg,Ascaris,Ascaris
0,/Users/mahdi/Documents/mahdi/parasite_detection/Sep14/training_images_best/Ascaris/Ascaris_egg49.jpg,Ascaris,Ascaris
0,/Users/mahdi/Documents/mahdi/parasite_detection/Sep14/training_images_best/Ascaris/Ascaris (9).jpg,Ascaris,Ascaris
0,/Users/mahdi/Documents/mahdi/parasite_detection/Sep14/training_images_best/Ascaris/Ascaris_egg51_1.jpg,Ascaris,Ascaris
0,/Users/mahdi/Documents/mahdi/parasite_detection/Sep14/training_images_best/Ascaris/Ascaris_egg108_1.jpg,Ascaris,Ascaris
0,/Users/mahdi/Documents/mahdi/parasite_detection/Sep14/training_images_best/Ascaris/Ascaris (23).jpg,Ascaris,Ascaris
0,/Users/mahdi/Documents/mahdi/parasite_detection/Sep14/training_images_best/Ascaris/Ascaris (35).jpg,Ascaris,Ascaris
0,/Users/mahdi/Documents/mahdi/parasite_detection/Sep14/training_images_best/Ascaris/Ascaris (15).jpg,Ascaris,Ascaris
0,/Users/mahdi/Documents/mahdi/parasite_detection/Sep14/training_images_best/Ascaris/Ascaris_egg16_1.jpg,Ascaris,Ascaris
0,/Users/mahdi/Documents/mahdi/parasite_detection/Sep14/training_images_best/Ascaris/Ascaris_egg62.jpg,Ascaris,Ascaris
0,/Users/mahdi/Documents/mahdi/parasite_detection/Sep14/training_images_best/Ascaris/Ascaris (5).jpg,Ascaris,Ascaris
0,/Users/mahdi/Documents/mahdi/parasite_detection/Sep14/training_images_best/Ascaris/Ascaris_egg77.jpg,Ascaris,Ascaris
0,/Users/mahdi/Documents/mahdi/parasite_detection/Sep14/training_images_best/Ascaris/Ascaris_egg116.jpg,Ascaris,Ascaris
0,/Users/mahdi/Documents/mahdi/parasite_detection/Sep14/training_images_best/Ascaris/Ascaris_egg98.jpg,Ascaris,Ascaris
1,/Users/mahdi/Documents/mahdi/parasite_detection/Sep14/training_images_best/Ascaris/Ascaris_egg98.jpg,Ascaris,Trichuris_trichiura
0,/Users/mahdi/Documents/mahdi/parasite_detection/Sep14/training_images_best/Ascaris/آسکاریس.jpg,Ascaris,Ascaris
0,/Users/mahdi/Documents/mahdi/parasite_detection/Sep14/training_images_best/Ascaris/Ascaris (4).jpg,Ascaris,Ascaris
0,/Users/mahdi/Documents/mahdi/parasite_detection/Sep14/training_images_best/Ascaris/آسکاریس 6..jpg,Ascaris,Ascaris
0,/Users/mahdi/Documents/mahdi/parasite_detection/Sep14/training_images_best/Ascaris/Ascaris_egg9_1.jpg,Ascaris,Ascaris
0,/Users/mahdi/Documents/mahdi/parasite_detection/Sep14/training_images_best/Ascaris/Ascaris_egg12_1.jpg,Ascaris,Ascaris
0,/Users/mahdi/Documents/mahdi/parasite_detection/Sep14/training_images_best/Ascaris/Ascaris (14).jpg,Ascaris,Ascaris
0,/Users/mahdi/Documents/mahdi/parasite_detection/Sep14/training_images_best/Ascaris/Ascaris_egg115.jpg,Ascaris,Ascaris
0,/Users/mahdi/Documents/mahdi/parasite_detection/Sep14/training_images_best/Ascaris/Ascaris (34).jpg,Ascaris,Ascaris
0,/Users/mahdi/Documents/mahdi/parasite_detection/Sep14/training_images_best/Ascaris/Ascaris_egg10_1.jpg,Ascaris,Ascaris
0,/Users/mahdi/Documents/mahdi/parasite_detection/Sep14/training_images_best/Ascaris/Ascaris (22).jpg,Ascaris,Ascaris
0,/Users/mahdi/Documents/mahdi/parasite_detection/Sep14/training_images_best/Ascaris/Ascaris_egg68_1.jpg,Ascaris,Ascaris
1,/Users/mahdi/Documents/mahdi/parasite_detection/Sep14/training_images_best/Ascaris/Ascaris_egg68_1.jpg,Ascaris,Enterobius_Vermicularis
0,/Users/mahdi/Documents/mahdi/parasite_detection/Sep14/training_images_best/Ascaris/Ascaris (8).jpg,Ascaris,Ascaris
0,/Users/mahdi/Documents/mahdi/parasite_detection/Sep14/training_images_best/Ascaris/Ascaris (18).jpg,Ascaris,Ascaris
0,/Users/mahdi/Documents/mahdi/parasite_detection/Sep14/training_images_best/Ascaris/Ascaris_egg71_1.jpg,Ascaris,Ascaris
0,/Users/mahdi/Documents/mahdi/parasite_detection/Sep14/training_images_best/Ascaris/Ascaris (13).jpg,Ascaris,Ascaris
0,/Users/mahdi/Documents/mahdi/parasite_detection/Sep14/training_images_best/Ascaris/Ascaris_egg17_1.jpg,Ascaris,Ascaris
0,/Users/mahdi/Documents/mahdi/parasite_detection/Sep14/training_images_best/Ascaris/Ascaris_egg_7_1.jpg,Ascaris,Ascaris
0,/Users/mahdi/Documents/mahdi/parasite_detection/Sep14/training_images_best/Ascaris/Ascaris (3).jpg,Ascaris,Ascaris
0,/Users/mahdi/Documents/mahdi/parasite_detection/Sep14/training_images_best/Ascaris/Ascaris (29).jpg,Ascaris,Ascaris
0,/Users/mahdi/Documents/mahdi/parasite_detection/Sep14/training_images_best/Ascaris/Ascaris_egg1.jpg,Ascaris,Ascaris
0,/Users/mahdi/Documents/mahdi/parasite_detection/Sep14/training_images_best/Ascaris/آسکاریس 4.jpg,Ascaris,Ascaris
0,/Users/mahdi/Documents/mahdi/parasite_detection/Sep14/training_images_best/Ascaris/Ascaris_egg3.jpg,Ascaris,Ascaris
0,/Users/mahdi/Documents/mahdi/parasite_detection/Sep14/training_images_best/Ascaris/Ascaris_egg110_1.jpg,Ascaris,Ascaris
0,/Users/mahdi/Documents/mahdi/parasite_detection/Sep14/training_images_best/Ascaris/Ascaris_egg28.jpg,Ascaris,Ascaris
0,/Users/mahdi/Documents/mahdi/parasite_detection/Sep14/training_images_best/Ascaris/Ascaris (25).jpg,Ascaris,Ascaris
0,/Users/mahdi/Documents/mahdi/parasite_detection/Sep14/training_images_best/Ascaris/آسکاریس 5.jpg,Ascaris,Ascaris
0,/Users/mahdi/Documents/mahdi/parasite_detection/Sep14/training_images_best/Ascaris/Ascaris (33).jpg,Ascaris,Ascaris
0,/Users/mahdi/Documents/mahdi/parasite_detection/Sep14/training_images_best/Ascaris/Ascaris_egg50_1.jpg,Ascaris,Ascaris
0,/Users/mahdi/Documents/mahdi/parasite_detection/Sep14/training_images_best/Ascaris/Ascaris_egg15_1.jpg,Ascaris,Ascaris
0,/Users/mahdi/Documents/mahdi/parasite_detection/Sep14/training_images_best/Ascaris/Ascaris (32).jpg,Ascaris,Ascaris
0,/Users/mahdi/Documents/mahdi/parasite_detection/Sep14/training_images_best/Ascaris/Ascaris_egg69_1.jpg,Ascaris,Ascaris
0,/Users/mahdi/Documents/mahdi/parasite_detection/Sep14/training_images_best/Ascaris/Ascaris (24).jpg,Ascaris,Ascaris
0,/Users/mahdi/Documents/mahdi/parasite_detection/Sep14/training_images_best/Ascaris/Ascaris_egg11_1.jpg,Ascaris,Ascaris
0,/Users/mahdi/Documents/mahdi/parasite_detection/Sep14/training_images_best/Ascaris/Ascaris_egg70_1.jpg,Ascaris,Ascaris
0,/Users/mahdi/Documents/mahdi/parasite_detection/Sep14/training_images_best/Ascaris/آسکاریس 2.jpg,Ascaris,Ascaris
0,/Users/mahdi/Documents/mahdi/parasite_detection/Sep14/training_images_best/Ascaris/Ascaris (28).jpg,Ascaris,Ascaris
0,/Users/mahdi/Documents/mahdi/parasite_detection/Sep14/training_images_best/Ascaris/Ascaris_egg13_1.jpg,Ascaris,Ascaris
0,/Users/mahdi/Documents/mahdi/parasite_detection/Sep14/training_images_best/Ascaris/Ascaris (2).jpg,Ascaris,Ascaris
0,/Users/mahdi/Documents/mahdi/parasite_detection/Sep14/training_images_best/Ascaris/Ascaris_egg8_1.jpg,Ascaris,Ascaris
0,/Users/mahdi/Documents/mahdi/parasite_detection/Sep14/training_images_best/Ascaris/Ascaris (12).jpg,Ascaris,Ascaris
